num	question	a	b	c	d	solution
1	Was war am 8. Mai 1945?	Ende des Zweiten Weltkriegs in Europa	Tod Adolf Hitlers	Wahl von Konrad Adenauer zum Bundeskanzler	Beginn des Berliner Mauerbaus	a
2	Was gab es während der Zeit des Nationalsozialismus in Deutschland?	das Recht zur freien Entfaltung der Persönlichkeit	den Schutz der Menschenwürde	das Verbot von Parteien	Pressefreiheit	c
3	Wie hieß der erste Bundeskanzler der Bundesrepublik Deutschland?	Willy Brandt	Konrad Adenauer	Kurt Georg Kiesinger	Helmut Schmidt	b
4	Wie endete der Zweite Weltkrieg in Europa offiziell?	durch eine Revolution in Deutschland	mit dem Rückzug der Deutschen aus den besetzten Gebieten	mit dem Tod Adolf Hitlers	durch die bedingungslose Kapitulation Deutschlands	d
5	In welchem Jahr wurde Hitler Reichskanzler?	1923	1927	1933	1936	c
6	Wann waren die Nationalsozialisten mit Adolf Hitler in Deutschland an der Macht?	1945 bis 1989	1933 bis 1945	1932 bis 1950	1918 bis 1923	b
7	Das "Dritte Reich" war eine …	Räterepublik.	Monarchie.	Diktatur.	Demokratie.	c
8	Welcher Krieg dauerte von 1939 bis 1945?	der Golfkrieg	der Erste Weltkrieg	der Zweite Weltkrieg	der Vietnamkrieg	c
9	In welchem Jahr zerstörten die Nationalsozialisten Synagogen und jüdische Geschäfte in Deutschland?	1925	1930	1938	1945	c
10	Was passierte am 9. November 1938 in Deutschland?	Die Nationalsozialisten verlieren eine Wahl und lösen den Reichstag auf	Jüdische Geschäfte und Synagogen werden durch Nationalsozialisten und ihre Anhänger zerstört	Mit dem Angriff auf Polen beginnt der Zweite Weltkrieg	Hitler wird Reichspräsident und lässt alle Parteien verbieten	b
11	Wann waren die Nationalsozialisten in Deutschland an der Macht?	1888 bis 1918	1921 bis 1934	1933 bis 1945	1949 bis 1963	c
12	Claus Schenk Graf von Stauffenberg wurde bekannt durch …	das Attentat auf Hitler am 20. Juli 1944.	den Aufbau der Wehrmacht.	eine Goldmedaille bei den Olympischen Spielen 1936.	den Bau des Reichstagsgebäudes.	a
13	Wann war der Zweite Weltkrieg zu Ende?	1945	1961	1949	1933	a
14	Was kennzeichnete den NS-Staat? Eine Politik …	der allgemeinen Religionsfreiheit	der Entwicklung der Demokratie	der Meinungsfreiheit	des staatlichen Rassismus	d
15	Was gab es in Deutschland nicht während der Zeit des Nationalsozialismus?	Verfolgung der Juden	freie Wahlen	Pressezensur	willkürliche Verhaftungen	b
16	Die Nationalsozialisten mit Adolf Hitler errichteten 1933 in Deutschland …	ein Fürstentum.	einen demokratischen Staat.	eine Diktatur.	eine Monarchie.	c
17	Wer baute die Mauer in Berlin?	die DDR	die USA	Großbritannien	die Bundesrepublik Deutschland	a
18	Bei welchen Demonstrationen in Deutschland riefen die Menschen "Wir sind das Volk"?	bei den Demonstrationen 1968 in der Bundesrepublik Deutschland	bei den Montagsdemonstrationen 1989 in der DDR	beim Arbeiteraufstand 1953 in der DDR	bei den Anti-Atomkraft-Demonstrationen 1985 in der Bundesrepublik Deutschland	b
19	Welche Länder wurden nach dem Zweiten Weltkrieg in Deutschland als "Alliierte Besatzungsmächte" bezeichnet?	Frankreich, Sowjetunion, Italien, Japan	USA, Sowjetunion, Spanien, Portugal	USA, Sowjetunion, Großbritannien, Frankreich	Sowjetunion, Großbritannien, Polen, Schweden	c
20	Welches Land war keine "Alliierte Besatzungsmacht" in Deutschland?	Sowjetunion	Japan	USA	Frankreich	b
21	Wann wurde die Bundesrepublik Deutschland gegründet?	1939	1945	1949	1951	c
22	In welcher Besatzungszone wurde die DDR gegründet? In der …	sowjetischen Besatzungszone	französischen Besatzungszone	amerikanischen Besatzungszone	britischen Besatzungszone	a
23	Wann wurde die DDR gegründet?	1947	1949	1953	1956	b
24	Wie viele Besatzungszonen gab es in Deutschland nach dem Zweiten Weltkrieg?	3	4	5	6	b
25	Welche deutsche Stadt wurde nach dem Zweiten Weltkrieg in vier Sektoren aufgeteilt?	Dresden	München	Frankfurt/Oder	Berlin	d
26	Wie waren die Besatzungszonen Deutschlands nach 1945 verteilt?	1 = Großbritannien, 2 = Sowjetunion, 3 = USA, 4 = Frankreich	1 = Großbritannien, 2 = USA, 3 = Sowjetunion, 4 = Frankreich	1 = Sowjetunion, 2 = Großbritannien, 3 = USA, 4 = Frankreich	1 = Großbritannien, 2 = Sowjetunion, 3 = Frankreich, 4 = USA	a
27	Vom Juni 1948 bis zum Mai 1949 wurden die Bürgerinnen und Bürger von West-Berlin durch eine Luftbrücke versorgt. Welcher Umstand war dafür verantwortlich?	Für Großbritannien war die Versorgung über die Luftbrücke schneller.	Für Frankreich war eine Versorgung der West-Berliner Bevölkerung mit dem Flugzeug kostengünstiger.	Die Sowjetunion unterbrach den gesamten Verkehr auf dem Landwege.	Die amerikanischen Soldaten/Soldatinnen hatten beim Landtransport Angst vor Überfällen.	c
28	Der erste Bundeskanzler der Bundesrepublik Deutschland war …	Konrad Adenauer.	Willy Brandt.	Ludwig Erhard.	Gerhard Schröder.	a
29	Was wollte Willy Brandt mit seinem Kniefall 1970 im ehemaligen jüdischen Ghetto in Warschau ausdrücken?	Er sprach ein Gebet am Grab des Unbekannten Soldaten	Er zeigte seine Demut vor dem Warschauer Pakt	Er hat sich den ehemaligen Alliierten unterworfen	Er bat Polen und die polnischen Juden um Vergebung	d
30	Vor wie vielen Jahren gab es erstmals eine jüdische Gemeinde auf dem Gebiet des heutigen Deutschlands?	vor etwa 300 Jahren	vor etwa 700 Jahren	vor etwa 1150 Jahren	vor etwa 1700 Jahren	d
31	Wann war in der Bundesrepublik Deutschland das "Wirtschaftswunder"?	80er Jahre	70er Jahre	50er Jahre	40er Jahre	c
32	Woran erinnern die sogenannten „Stolpersteine“ in Deutschland?	an berühmte deutsche Politikerinnen und Politiker	an Verkehrstote	an bekannte jüdische Musiker	an die Opfer des Nationalsozialismus	d
33	Wofür stand der Ausdruck "Eiserner Vorhang"? Für die Abschottung..	Nazi-Deutschlands gegen die Alliierten	Europas gegen die USA	Norddeutschlands gegen Süddeutschland	des Warschauer Pakts gegen den Westen	d
34	Im Jahr 1953 gab es in der DDR einen Aufstand, an den lange Zeit in der Bundesrepublik Deutschland ein Feiertag erinnerte. Wann war das?	9. November	20. Juli	17. Juni	1. Mai	c
35	Welcher deutsche Staat hatte eine schwarz-rot-goldene Flagge mit Hammer, Zirkel und Ährenkranz?	DDR	Drittes Reich	Preußen	Bundesrepublik Deutschland	a
36	In welchem Jahr wurde die Mauer in Berlin gebaut?	1961	1959	1956	1953	a
37	Wann baute die DDR die Mauer in Berlin?	1990	1961	1933	1919	b
38	Was bedeutet die Abkürzung DDR?	Deutsche Demokratische Republik	Dritte Deutsche Republik	Dritter Deutscher Rundfunk	Die Deutsche Republik	a
39	Wann wurde die Mauer in Berlin für alle geöffnet?	1995	1992	1989	1987	c
40	Welches heutige deutsche Bundesland gehörte früher zum Gebiet der DDR?	Hessen	Saarland	Brandenburg	Bayern	c
41	Von 1961 bis 1989 war Berlin …	durch eine Mauer geteilt.	ein eigener Staat.	nur mit dem Flugzeug erreichbar.	ohne Bürgermeister.	a
42	Am 3. Oktober feiert man in Deutschland den Tag der Deutschen …	Bundesländer.	Einheit.	Nation.	Städte.	b
43	Welches heutige deutsche Bundesland gehörte früher zum Gebiet der DDR?	Saarland	Nordrhein-Westfalen	Hessen	Sachsen-Anhalt	d
44	Warum nennt man die Zeit im Herbst 1989 in der DDR "Die Wende"? In dieser Zeit veränderte sich die DDR politisch …	von einem religiösen Staat zu einem kommunistischen Staat.	von einer Monarchie zur Sozialdemokratie	von einer Diktatur zur Demokratie	von einer liberalen Marktwirtschaft zum Sozialismus.	c
45	Welches heutige deutsche Bundesland gehörte früher zum Gebiet der DDR?	Hessen	Bayern	Bremen	Thüringen	d
46	Welches heutige deutsche Bundesland gehörte früher zum Gebiet der DDR?	Baden-Württemberg	Sachsen	Bayern	Niedersachsen	b
47	Mit der Abkürzung "Stasi" meinte man in der DDR …	das Ministerium für Volksbildung.	eine regierende Partei.	das Parlament.	das Ministerium fuеr Staatssicherheit.	d
48	Welches heutige deutsche Bundesland gehörte früher zum Gebiet der DDR?	Saarland	Schleswig-Holstein	Hessen	Mecklenburg-Vorpommern	d
49	Welche der folgenden Auflistungen enthält nur Bundesländer, die zum Gebiet der früheren DDR gehörten?	Sachsen, Thüringen, Hessen, Niedersachsen, Brandenburg	Bayern, Baden-Württemberg, Rheinland-Pfalz, Thüringen, Sachsen	Niedersachsen, Nordrhein-Westfalen, Hessen, Schleswig-Holstein, Brandenburg	Mecklenburg-Vorpommern, Brandenburg, Sachsen, Sachsen-Anhalt, Thüringen	d
50	Zu wem gehörte die DDR im "Kalten Krieg"?	zur NATO	zu den Westmächten	zu den blockfreien Staate	zum Warschauer Pakt	d
51	Wie hieß das Wirtschaftssystem der DDR?	Planwirtschaft	Kapitalismus	Marktwirtschaft	Angebot und Nachfrage	a
52	Wie wurden die Bundesrepublik Deutschland und die DDR zu einem Staat?	Die DDR hat die Bundesrepublik Deutschland besetzt.	Die westlichen Bundesländer sind der DDR beigetreten.	Die Bundesrepublik Deutschland hat die DDR besetzt.	Die heutigen fünf östlichen Bundesländer sind der Bundesrepublik Deutschland beigetreten.	d
53	Mit dem Beitritt der DDR zur Bundesrepublik Deutschland gehören die neuen Bundesländer nun auch …	zur Europäischen Verteidigungsgemeinschaft.	zum Warschauer Pakt.	zur Europäischen Union.	zur OPEC.	c
54	In welchem Militärbündnis war die DDR Mitglied?	im Warschauer Pakt	in der NATO	im Rheinbund	im Europabündnis	a
55	Was war die "Stasi"?	der Geheimdienst der DDR	ein deutscher Sportverein während des Zweiten Weltkrieges	der Geheimdienst im "Dritten Reich"	eine berühmte deutsche Gedenkstätte	a
56	Welches war das Wappen der Deutschen Demokratischen Republik?	1	2	3	4	d
57	Was ereignete sich am 17. Juni 1953 in der DDR?	landesweite Streiks und ein Volksaufstand	der erste Besuch Fidel Castros	der feierliche Beitritt zum Warschauer Pakt	der 1. SED-Parteitag	a
58	Wie heißt Deutschland mit vollem Namen?	Bundesbezirk Deutschland	Bundesrepublik Deutschland	Bundesstaat Deutschland	Bundesländer Deutschland	b
59	Wie viele Einwohner hat Deutschland?	90 Millionen	84 Millionen	78 Millionen	70 Millionen	b
60	Welche Farben hat die deutsche Flagge?	rot-weiß-schwarz	schwarz-rot-grün	schwarz-rot-gold	schwarz-gelb-rot	c
61	Wer wird als "Kanzler der Deutschen Einheit" bezeichnet?	Helmut Schmidt	Konrad Adenauer	Gerhard Schröder	Helmut Kohl	d
62	Welches Symbol ist im Plenarsaal des Deutschen Bundestages zu sehen?	der Reichsadler	die Reichskrone	der Bundesadler	die Fahne der Stadt Berlin	c
63	In welchem Zeitraum gab es die Deutsche Demokratische Republik (DDR)?	1949 bis 1990	1945 bis 1961	1933 bis 1945	1919 bis 1927	a
64	Wie viele Bundesländer kamen bei der Wiedervereinigung 1990 zur Bundesrepublik Deutschland hinzu?	4	5	6	7	b
65	Die Bundesrepublik Deutschland hat die Grenzen von heute seit …	1933	1949	1971	1990	d
66	Der 27. Januar ist in Deutschland ein offizieller Gedenktag. Woran erinnert dieser Tag?	an die Verabschiedung des Grundgesetzes	an die Opfer des Nationalsozialismus	an das Ende des Zweiten Weltkrieges	an die Wiedervereinigung Deutschlands	b
67	Welcher Politiker steht für die "Ostverträge"?	Willy Brandt	Ludwig Erhard	Helmut Kohl	Michail Gorbatschow	a
68	Wie wird der Beitritt der DDR zur Bundesrepublik Deutschland im Jahr 1990 allgemein genannt?	EU-Osterweiterung	Europäische Gemeinschaft	NATO-Osterweiterung	Deutsche Wiedervereinigung	d
69	In Deutschland dürfen Menschen offen etwas gegen die Regierung sagen, weil?	hier Meinungsfreiheit gilt.	die Menschen das Wahlrecht haben.	hier Religionsfreiheit gilt.	die Menschen Steuern zahlen.	a
70	Wie heißt das jüdische Gebetshaus?	Basilika	Moschee	Synagoge	Kirche	c
71	In Deutschland können Eltern bis zum 14. Lebensjahr ihres Kindes entscheiden, ob es in der Schule am?	Religionsunterricht teilnimmt	Politikunterricht teilnimmt.	Geschichtsunterricht teilnimmt.	Sprachunterricht teilnimmt.	a
72	Deutschland ist ein Rechtsstaat. Was ist damit gemeint?	Die Gerichte machen die Gesetze.	Nur Deutsche müssen die Gesetze befolgen.	Alle Einwohner/Einwohnerinnen und der Staat müssen sich an die Gesetze halten.	Der Staat muss sich nicht an die Gesetze halten.	c
73	Welches Recht gehört zu den Grundrechten in Deutschland?	Selbstjustiz.	Meinungsfreiheit	Waffenbesitz	Faustrecht	b
74	Wie heißt die deutsche Verfassung?	Grundgesetz	Deutsches Gesetz	Volksgesetz	Bundesgesetz	a
75	Welches Recht gehört zu den Grundrechten, die nach der deutschen Verfassung garantiert werden? Das Recht auf	Arbeit	Wohnung	Glaubens- und Gewissensfreiheit	Unterhaltung	c
76	Was steht nicht im Grundgesetz von Deutschland?	Alle sind vor dem Gesetz gleich.	Jeder Mensch darf seine Meinung sagen.	Die Würde des Menschen ist unantastbar.	Alle sollen gleich viel Geld haben	d
77	Welches Grundrecht gilt in Deutschland nur fur Ausländerinnen/Ausländer? Das Grundrecht auf …	Menschenwürde	Meinungsfreiheit	Schutz der Familie	Asyl	d
78	Was ist mit dem deutschen Grundgesetz vereinbar?	die Folter	die Geldstrafe	die Prügelstrafe	die Todesstrafe	b
79	Eine Partei im Deutschen Bundestag will die Pressefreiheit abschaffen. Ist das moglich?	Nein, denn die Pressefreiheit ist ein Grundrecht. Sie kann nicht abgeschafft werden	Nein, denn nur der Bundesrat kann die Pressefreiheit abschaffen.	Ja, aber dazu müssen zwei Drittel der Abgeordneten im Bundestag dafür sein	Ja, wenn mehr als die Halfte der Abgeordneten im Bundestag dafur sind.	a
80	Wie wird die Verfassung der Bundesrepublik Deutschland genannt?	Verfassungsvertrag	Gesetzbuch	Grundgesetz	Bundesverfassung	c
81	Meinungsfreiheit in Deutschland heißt, dass ich …	meine Meinung in Leserbriefen äußern kann.	Passanten auf der Straße beschimpfen darf.	meine Meinung nur dann äußern darf, solange ich der Regierung nicht widerspreche.	Nazi-, Hamas- oder Islamischer Staat-Symbole öffentlich tragen darf.	a
82	Was verbietet das deutsche Grundgesetz?	freie Berufswahl	Arbeit im Ausland	Militärdienst	Zwangsarbeit	
83	Wann ist die Meinungsfreiheit in Deutschland eingeschränkt?	bei Kritik am Staat	bei Meinungsäusserungen über die Bundesregierung	bei der öffentlichen Verbreitung falscher Behauptungen über einzelne Personen	bei Diskussionen über Religionen	c
84	Die deutschen Gesetze verbieten …	Ungleichbehandlung der Bürger und Bürgerinnen durch den Staat.	Versammlungsfreiheit der Einwohner und Einwohnerinnen.	Meinungsfreiheit der Einwohner und Einwohnerinnen.	Petitionen der Bürger und Bürgerinnen.	a
85	Welches Grundrecht ist in Artikel 1 des Grundgesetzes der Bundesrepublik Deutschland garantiert?	Religionsfreiheit	die Unantastbarkeit der Menschenwürde	das Recht auf Leben	Meinungsfreiheit	b
86	Was versteht man unter dem Recht der "Freizügigkeit" in Deutschland?	Man darf sich in der Offentlichkeit nur leicht bekleidet bewegen.	Man darf sich seinen Wohnort selbst aussuchen.	Man kann seinen Beruf wechseln.	Man darf sich für eine andere Religion entscheiden.	b
87	Eine Partei in Deutschland verfolgt das Ziel, eine Diktatur zu errichten. Sie ist dann …	verfassungswidrig.	gesetzestreu.	tolerant.	rechtsstaatlich orientiert.	a
88	Was bedeutet in Deutschland der Grundsatz der Gleichbehandlung?	Niemand darf gegen Personen klagen, wenn sie benachteiligt wurden.	Niemand darf z. B. wegen einer Behinderung benachteiligt werden.	Es ist für alle Gesetz, benachteiligten Gruppen jährlich Geld zu spenden.	Man darf andere Personen benachteiligen, wenn ausreichende persönliche Gründe hierfür vorliegen.	b
89	Sie haben in Deutschland absichtlich einen Brief geöffnet, der an eine andere Person adressiert ist. Was haben Sie nicht beachtet?	die Meinungsfreiheit	die Schweigepflicht	das Schweigerecht	das Briefgeheimnis	d
90	Eine Frau, die ein zweijähriges Kind hat, bewirbt sich in Deutschland um eine Stelle. Was ist ein Beispiel für Diskriminierung? Sie bekommt die Stelle nur deshalb nicht, weil sie ...	keine Erfahrungen in diesem Beruf hat.	kein Englisch spricht.	Mutter ist.	zu hohe Gehaltsvorstellungen hat.	c
91	Ein Mann im Rollstuhl hat sich auf eine Stelle als Buchhalter beworben. Was ist ein Beispiel für Diskriminierung? Er bekommt die Stelle nur deshalb nicht, weil er ...	zu hohe Gehaltsvorstellungen hat.	keine Erfahrung hat.	im Rollstuhl sitzt.	kein Englisch spricht.	c
92	Zwei Freunde wollen in ein öffentliches Schwimmbad in Deutschland. Beide haben eine dunkle Hautfarbe und werden deshalb nicht hineingelassen. Welches Recht wird in dieser Situation verletzt? Das Recht auf …	Gleichbehandlung	Versammlungsfreiheit	Freizügigkeit	Meinungsfreiheit	a
93	Ein Mann mit dunkler Hautfarbe bewirbt sich um eine Stelle als Kellner in einem Restaurant in Deutschland. Was ist ein Beispiel für Diskriminierung? Er bekommt die Stelle nur deshalb nicht, weil …	er keine Erfahrungen im Beruf hat.	er eine dunkle Haut hat.	seine Deutschkenntnisse zu gering sind.	er zu hohe Gehaltsvorstellungen hat.	b
94	Zu welchem Fest tragen Menschen in Deutschland bunte Kostüme und Masken?	an Pfingsten	beim Oktoberfest	am Rosenmontag	am Maifeiertag	c
95	Was ist in Deutschland ein Brauch zu Weihnachten?	sich mit Masken und Kostümen verkleiden	bunte Eier verstecken	Kürbisse vor die Tür stellen	einen Tannenbaum schmücken	d
96	Was ist in Deutschland ein Brauch zu Ostern?	Raketen in die Luft schießen	einen Tannenbaum schmücken	Kürbisse vor die Tür stellen	Eier bemalen	d
97	Pfingsten ist ein …	internationaler Trauertag.	christlicher Feiertag.	bayerischer Brauch.	deutscher Gedenktag.	b
98	In Deutschland nennt man die letzten vier Wochen vor Weihnachten …	die Adventszeit.	Allerheiligen.	das Erntedankfest.	den Buß- und Bettag.	a
99	Welches ist das Wappen der Bundesrepublik Deutschland?	1	2	3	4	a
100	Was für eine Staatsform hat Deutschland?	Monarchie	Fürstentum	Republik	Diktatur	c
101	Wie viele Bundesländer hat die Bundesrepublik Deutschland?	16	15	14	17	a
102	Was ist kein Bundesland der Bundesrepublik Deutschland?	Sachsen-Anhalt	Mecklenburg-Vorpommern	Nordrhein-Westfalen	Elsass-Lothringen	d
103	Deutschland ist …	ein sozialer und sozialistischer Bundesstaat.	eine kommunistische Republik.	ein demokratischer und sozialer Bundesstaat.	eine kapitalistische und soziale Monarchie.	c
104	Deutschland ist …	ein sozialistischer Staat.	eine Diktatur.	ein Bundesstaat.	eine Monarchie.	c
105	Welches Tier ist das Wappentier der Bundesrepublik Deutschland?	Bär	Adler	Löwe	Pferd	b
106	Was ist kein Merkmal unserer Demokratie?	Pressezensur	regelmäßige Wahlen	verschiedene Parteien	Meinungsfreiheit	a
107	Welche Aussage ist richtig? In Deutschland …	bilden die Religionsgemeinschaften den Staat.	sind Staat und Religionsgemeinschaften voneinander getrennt	bilden Staat und Religionsgemeinschaften eine Einheit.	ist der Staat abhängig von den Religionsgemeinschaften.	b
108	Welches Amt gehört in Deutschland zur Gemeindeverwaltung?	Finanzamt	Ordnungsamt	Pfarramt	Auswärtiges Amt	b
109	In Deutschland ist eine Bürgermeisterin/ein Bürgermeister …	das Oberhaupt einer Gemeinde	der Leiter/die Leiterin einer Schule	der Chef/die Chefin einer Bank	der/die Vorsitzende einer Partei	a
110	Man will die Buslinie abschaffen, mit der Sie immer zur Arbeit fahren. Was können Sie machen, um die Buslinie zu erhalten?	Ich werde Mitglied in einem Sportverein und trainiere Rad fahren.	Ich beteilige mich an einer Bürgerinitiative für die Erhaltung der Buslinie oder gründe selber eine Initiative.	Ich schreibe einen Brief an das Forstamt der Gemeinde.	Ich wende mich an das Finanzamt, weil ich als Steuerzahler / Steuerzahlerin ein Recht auf die Buslinie habe.	b
111	Maik und Sybille wollen mit Freunden an ihrem deutschen Wohnort eine Demonstration auf der Straße abhalten. Was müssen sie vorher tun?	Sie müssen die Demonstration anmelden.	Maik und Sybille müssen einen neuen Verein gründen, weil nur Vereine demonstrieren dürfen	Sie können gar nichts tun, denn Demonstrationen sind in Deutschland grundsätzlich verboten	Sie müssen nichts tun. Man darf in Deutschland jederzeit überall demonstrieren.	a
112	Wo müssen Sie sich anmelden, wenn Sie in Deutschland umziehen?	beim Gewerbeamt	beim Einwohnermeldeamt	beim Standesamt	beim Ordnungsamt	b
113	Wohin muss man in Deutschland zuerst gehen, wenn man heiraten möchte?	zum Ordnungsamt	zum Einwohnermeldeamt	zum Standesamt	zur Agentur für Arbeit	c
114	Wann beginnt die gesetzliche Nachtruhe in Deutschland?	um 22 Uhr	wenn die Sonne untergeht	um 0 Uhr, Mitternacht	wenn die Nachbarn schlafen gehen	a
115	Was sollten Sie tun, wenn Sie von Ihrer Ansprechpartnerin / Ihrem Ansprechpartner in einer deutschen Behörde schlecht behandelt werden?	Ich drohe der Person.	Ich kann nichts tun.	Ich muss mir diese Behandlung gefallen lassen.	Ich kann mich beim Behördenleiter/bei der Behördenleiterin beschweren.	d
116	In den meisten Mietshäusern in Deutschland gibt es eine "Hausordnung". Was steht in einer solchen "Hausordnung"? Sie nennt	die Adresse des nächsten Ordnungsamtes.	Regeln für die Benutzung öffentlicher.	alle Mieter und Mieterinnen im Haus.	Regeln, an die sich alle Bewohner und Bewohnerinnen halten müssen.	d
117	Wenn Sie sich in Deutschland gegen einen falschen Steuerbescheid wehren wollen, müssen Sie …	Einspruch einlegen.	den Bescheid wegwerfen.	warten, bis ein anderer Bescheid kommt.	nichts machen.	a
118	Was tun Sie, wenn Sie eine falsche Rechnung von einer deutschen Behörde bekommen?	Ich schicke die Rechnung an die Behörde zurück.	Ich lasse die Rechnung liegen.	Ich lege Widerspruch bei der Behörde ein.	Ich gehe mit der Rechnung zum Finanzamt.	c
119	Welche Städte haben die größten jüdischen Gemeinden in Deutschland?	Nürnberg und Stuttgart	Berlin und München	Hamburg und Essen	Worms und Speyer	b
120	Sie haben in Deutschland einen Fernseher gekauft. Zu Hause packen Sie den Fernseher aus, doch er funktioniert nicht. Der Fernseher ist kaputt. Was können Sie machen?	den Fernseher reklamieren	eine Anzeige schreiben	die Garantie verlängern	das Gerät ungefragt austauschen	a
121	Was ist Deutschland nicht?	eine Monarchie	ein Sozialstaat	eine Demokratie	ein Rechtsstaat	a
122	Womit finanziert der deutsche Staat die Sozialversicherung?	Spendengeldern	Sozialabgaben	Kirchensteuern	Vereinsbeiträgen	b
123	Welche Maßnahme schafft in Deutschland soziale Sicherheit?	die Krankenversicherung	die Haftpflichtversicherung	die Gebäudeversicherung	die Autoversicherung	a
124	Die Bundesrepublik Deutschland ist ein demokratischer und sozialer ...	Zentralstaat.	Staatenverbund.	Bundesstaat.	Staatenbund.	c
125	Mit welchen Worten beginnt die deutsche Nationalhymne?	Freude schöner Götterfunken...	Deutschland einig Vaterland...	Völker, hört die Signale...	Einigkeit und Recht und Freiheit...	d
126	Zu welcher Versicherung gehört die Pflegeversicherung?	Hausratversicherung	Haftpflicht- und Feuerversicherung	Sozialversicherung	Unfallversicherung	c
127	Der deutsche Staat hat viele Aufgaben. Welche Aufgabe gehört dazu?	Er versorgt alle Einwohner und Einwohnerinnen kostenlos mit Zeitungen.	Er produziert Autos und Busse.	Er baut Straßen und Schulen.	Er verkauft Lebensmittel und Kleidung.	c
128	Der deutsche Staat hat viele Aufgaben. Welche Aufgabe gehört nicht dazu?	Er fördert Sportler und Sportlerinnen.	Er unterstützt Museen.	Er zahlt Kindergeld.	Er bezahlt für alle Staatsangehörigen Urlaubsreisen.	d
129	Zu einem demokratischen Rechtsstaat gehört es nicht, dass …	Bürger friedlich demonstrieren gehen dürfen.	Menschen sich kritisch über die Regierung äußern können.	jemand ein Verbrechen begeht und deshalb verhaftet wird.	Menschen von einer Privatpolizei ohne Grund verhaftet werden.	d
130	Was bedeutet "Volkssouveränität"? Alle Staatsgewalt geht vom …	preußischen König aus.	Bundesverfassungsgericht aus.	Volke aus.	Bundestag aus.	c
131	Was bedeutet "Rechtsstaat" in Deutschland?	Die Bürger und Bürgerinnen entscheiden über Gesetze.	Der Staat muss die Gesetze einhalten.	Der Staat hat Recht.	Es gibt nur rechte Parteien.	b
132	Was bedeutet "Volkssouveränität"?	Das Bundesverfassungsgericht steht über der Verfassung.	Die Interessenverbände üben die Souveränität zusammen mit der Regierung aus.	Die Staatsgewalt geht vom Volke aus.	Der König/die Königin herrscht über das Volk.	c
133	Welche Handlungen mit Bezug auf den Staat Israel sind in Deutschland verboten?	die Politik Israels öffentlich kritisieren	das Aufhängen einer israelischen Flagge auf dem Privatgrundstück	der öffentliche Aufruf zur Vernichtung Israels	eine Diskussion über die Politik Israels	c
134	Wahlen in Deutschland sind frei. Was bedeutet das?	Alle wahlberechtigten Personen müssen wählen.	Man darf Geld annehmen, wenn man dafür einen bestimmten Kandidaten/eine bestimmte Kandidatin wählt.	Der Wähler darf bei der Wahl weder beeinflusst noch zu einer bestimmten Stimmabgabe gezwungen werden und keine Nachteile durch die Wahl haben.	Nur Personen, die noch nie im Gefängnis waren, dürfen wählen.	c
135	Im Parlament steht der Begriff "Opposition" für …	alle Abgeordneten, die nicht zu der Regierungspartei/den Regierungsparteien gehören.	die regierenden Parteien.	alle Parteien, die bei der letzten Wahl die 5 %-Hürde erreichen konnten.	die Fraktion mit den meisten Abgeordneten.	a
136	Wer wählt in Deutschland die Abgeordneten zum Bundestag?	das wahlberechtigte Volk	die Wirtschaft	das Militär	die Verwaltung	a
137	Die Zusammenarbeit von Parteien zur Bildung einer Regierung nennt man in Deutschland …	Ministerium.	Koalition.	Fraktion.	Einheit.	b
138	Was ist keine staatliche Gewalt in Deutschland?	Regierung	Rechtsprechung	Gesetzgebung	Presse	d
139	Wie werden die Regierungschefinnen/Regierungschefs der meisten Bundesländer in Deutschland genannt?	Senator/Senatorin	Erster Minister/Erste Ministerin	Premierminister/Premierministerin	Ministerpräsident/Ministerpräsidentin	d
140	Was hat jedes deutsche Bundesland?	eine eigene Regierung	einen eigenen Außenminister/eine eigene Außenministerin	eine eigene Armee	eine eigene Währung	a
141	Warum gibt es in einer Demokratie mehr als eine Partei?	damit Bestechung in der Politik begrenzt wird	um wirtschaftlichen Wettbewerb anzuregen	um politische Demonstrationen zu verhindern	weil dadurch die unterschiedlichen Meinungen der Bürger und Bürgerinnen vertreten werden	d
142	Wer beschließt in Deutschland ein neues Gesetz?	die Gerichte	die Polizei	die Regierung	das Parlament	d
143	Wann kann in Deutschland eine Partei verboten werden?	wenn sie gegen die Verfassung kämpft	wenn ihr Programm eine neue Richtung vorschlägt	wenn ihr Wahlkampf zu teuer ist	wenn sie Kritik am Staatsoberhaupt äußert	a
144	Wen kann man als Bürgerin/Bürger in Deutschland nicht direkt wählen?	Landtagsabgeordnete	Abgeordnete des EU-Parlaments	den Bundespräsidenten/die Bundespräsidentin	Bundestagsabgeordnete	c
145	Welches Organ gehört nicht zu den Verfassungsorganen Deutschlands?	die Regierung	die Bürgerversammlung	der Bundesrat	die Bundespraesidentin/der Bundespräsident	b
146	Wer bestimmt in Deutschland die Schulpolitik?	das Familienministerium	die Universitäten	die Lehrer und Lehrerinnen	die Bundesländer	d
147	Was ist keine staatliche Gewalt in Deutschland?	Judikative	Direktive	Legislative	Exekutive	b
148	Was zeigt dieses Bild?	das Bundeskanzleramt in Berlin	das Bundesratsgebäude in Berlin	das Bundesverfassungsgericht in Karlsruhe	den Bundestagssitz in Berlin	d
149	Wer wird meistens zur Präsidentin/zum Präsidenten des Deutschen Bundestages gewählt?	ein ehemaliger Bundeskanzler/eine ehemalige Bundeskanzlerin	eine Abgeordnete/ein Abgeordneter der stärksten Fraktion	der/die älteste Abgeordnete im Parlament	der Ministerpräsident/die Ministerpräsidentin des größten Bundeslandes	b
150	Wer ernennt in Deutschland die Ministerinnen/die Minister der Bundesregierung?	die Bundestagspräsidentin/der Bundestagspräsident	der Präsident/die Präsidentin des Bundesverfassungsgerichtes	der Bundesratspräsident/die Bundesratspräsidentin	der Bundespräsident/die Bundespräsidentin	d
151	Auf welcher rechtlichen Grundlage wurde der Staat Israel gegründet?	eine Resolution der Vereinten Nationen	ein Vorschlag der Bundesregierung	ein Vorschlag der UdSSR	ein Beschluss des Zionistenkongresses	a
152	In Deutschland gehören der Bundestag und der Bundesrat zur …	Judikative.	Direktive.	Exekutive.	Legislative.	d
153	Wenn das Parlament eines deutschen Bundeslandes gewählt wird, nennt man das …	Europawahl.	Landtagswahl.	Bundestagswahl.	Kommunalwahl.	b
154	Was gehört in Deutschland nicht zur Exekutive?	das Finanzamt	die Polizei	die Ministerien	die Gerichte	d
155	Die Bundesrepublik Deutschland ist heute gegliedert in …	16 Kantone.	vier Besatzungszonen.	Bund, Länder und Kommunen.	einen Oststaat und einen Weststaat.	c
156	Es gehört nicht zu den Aufgaben des Deutschen Bundestages, …	die Bundesregierung zu kontrollieren.	den Bundeskanzler/die Bundeskanzlerin zu wählen.	Gesetze zu entwerfen.	das Bundeskabinett zu bilden.	d
157	Was ist in Deutschland vor allem eine Aufgabe der Bundesländer?	Verteidigungspolitik	Schulpolitik	Außenpolitik	Wirtschaftspolitik	b
158	Warum kontrolliert der Staat in Deutschland das Schulwesen?	weil es in den Bundesländern verschiedene Schulen gibt	weil es in Deutschland nur staatliche Schulen gibt	weil es nach dem Grundgesetz seine Aufgabe ist	weil alle Schüler und Schülerinnen einen Schulabschluss haben müssen	c
159	Die Bundesrepublik Deutschland hat einen dreistufigen Verwaltungsaufbau. Wie heißt die unterste politische Stufe?	Bezirksämter	Gemeinden	Stadträte	Landräte	b
160	Der deutsche Bundespräsident Gustav Heinemann gibt Helmut Schmidt 1974 die Ernennungsurkunde zum deutschen Bundeskanzler. Was gehört zu den Aufgaben der deutschen Bundespräsidentin/des deutschen Bundespräsidenten?	Er/Sie kontrolliert die Regierungspartei.	Er/Sie schlägt den Kanzler/die Kanzlerin zur Wahl vor.	Er/Sie führt die Regierungsgeschäfte.	Er/Sie wählt die Minister/Ministerinnen aus.	b
161	Wo hält sich der deutsche Bundeskanzler/die deutsche Bundeskanzlerin am häufigsten auf? Am häufigsten ist er/sie …	auf Schloss Meseberg, dem Gästehaus der Bundesregierung, um Staatsgäste zu empfangen.	in Berlin, weil sich dort das Bundeskanzleramt und der Bundestag befinden.	auf Schloss Bellevue, dem Amtssitz der Bundespräsidentin/des Bundespräsidenten, um Staatsgäste zu empfangen.	in Bonn, weil sich dort das Bundeskanzleramt und der Bundestag befinden.	b
162	Wie heißt die jetzige Bundeskanzlerin/der jetzige Bundeskanzler von Deutschland?	Gerhard Schröder	Angela Merkel	Friedrich Merz	Ursula von der Leyen	c
163	Die beiden größten Fraktionen im Deutschen Bundestag heißen zurzeit …	CDU/CSU und AfD.	Die Linke und Bündnis 90/Die Grünen.	Bündnis 90/Die Grünen und SPD.	Die Linke und CDU/CSU.	a
164	Wie heißt das Parlament für ganz Deutschland?	Bundestag	Bundesversammlung	Bundesgerichtshof	Volkskammer	a
165	Wie heißt Deutschlands heutiges Staatsoberhaupt?	Bärbel Bas	Bodo Ramelow	Frank-Walter Steinmeier	Joachim Gauck	c
166	Was bedeutet die Abkürzung CDU in Deutschland?	Christlicher Deutscher Umweltschutz	Christlich Demokratische Union	Christliche Deutsche Union	Club Deutscher Unternehmer	b
167	Was ist die Bundeswehr?	ein deutscher Hafen	die deutsche Polizei	die deutsche Armee	eine deutsche Bürgerinitiative	c
168	Was bedeutet die Abkürzung SPD?	Sozialpolitische Partei Deutschlands	Sozialgerechte Partei Deutschlands	Sozialistische Partei Deutschlands	Sozialdemokratische Partei Deutschlands	d
169	Was bedeutet die Abkürzung FDP in Deutschland?	Freie Demokratische Partei	Führende Demokratische Partei	Friedliche Demonstrative Partei	Freie Deutschland Partei	a
170	Welches Gericht in Deutschland ist zuständig für die Auslegung des Grundgesetzes?	Bundesverfassungsgericht	Verwaltungsgericht	Oberlandesgericht	Amtsgericht	a
171	Wer wählt die Bundeskanzlerin/den Bundeskanzler in Deutschland?	das Volk	der Bundesrat	der Bundestag	die Bundesversammlung	c
172	Wer leitet das deutsche Bundeskabinett?	der Bundespräsident/die Bundespräsidentin	der Bundesratspräsident/die Bundesratspräsidentin	der Bundeskanzler/die Bundeskanzlerin	der Bundestagspräsident/die Bundestagspräsidentin	c
173	Wer wählt die deutsche Bundeskanzlerin/den deutschen Bundeskanzler?	die Bundesversammlung	die Bundesregierung	das Volk	der Bundestag	d
174	Welche Hauptaufgabe hat die deutsche Bundespräsidentin/der deutsche Bundespräsident? Sie/Er ...	repräsentiert das Land.	regiert das Land.	überwacht die Einhaltung der Gesetze.	entwirft die Gesetze	a
175	Wer bildet den deutschen Bundesrat?	die Regierungsvertreter der Bundesländer	die Parteimitglieder	die Abgeordneten des Bundestages	die Minister und Ministerinnen der Bundesregierung	a
176	Wer wählt in Deutschland die Bundespräsidentin/den Bundespräsidenten ?	der Bundesrat	das Bundesverfassungsgericht	die Bundesversammlung	das Bundesparlament	c
177	Wer ist das Staatsoberhaupt der Bundesrepublik Deutschland?	der Bundespräsident/die Bundespräsidentin	der Bundestagspräsident/die Bundestagspräsidentin	der Bundeskanzler/die Bundeskanzlerin	der Bundesratspräsident/die Bundesratspräsidentin	a
178	Die parlamentarische Opposition im Deutschen Bundestag …	bestimmt, wer im Bundesrat sitzt.	schlägt die Regierungschefs/Regierungschefinnen der Länder vor.	kontrolliert die Regierung.	entscheidet, wer Bundesminister/Bundesministerin wird.	c
179	Wie nennt man in Deutschland die Vereinigung von Abgeordneten einer Partei im Parlament?	Fraktion	Opposition	Ältestenrat	Verband	a
180	Die deutschen Bundesländer wirken an der Gesetzgebung des Bundes mit durch …	den Bundestag.	die Bundesregierung.	den Bundesrat.	die Bundesversammlung.	c
181	In Deutschland kann ein Regierungswechsel in einem Bundesland Auswirkungen auf die Bundespolitik haben. Das Regieren wird …	leichter, wenn dadurch neue Parteien in den Bundesrat kommen.	leichter, wenn es sich um ein reiches Bundesland handelt.	schwieriger, wenn sich dadurch die Mehrheit im Bundestag ändert.	schwieriger, wenn dadurch die Mehrheit im Bundesrat verändert wird.	d
182	Was bedeutet die Abkürzung CSU in Deutschland?	Christlich Süddeutsche Union	Christlich Sozialer Unternehmerverband	Christlich Soziale Union	Christlich Sichere Union	c
183	Je mehr "Zweitstimmen" eine Partei bei einer Bundestagswahl bekommt, desto …	mehr Sitze erhält die Partei im Parlament.	größer ist das Risiko, eine Koalition bilden zu müssen.	weniger Erststimmen kann sie haben.	mehr Direktkandidaten der Partei ziehen ins Parlament ein.	a
184	Ab welchem Alter darf man in Deutschland an der Wahl zum Deutschen Bundestag teilnehmen?	23	21	16	18	d
185	Wenn Abgeordnete im Deutschen Bundestag ihre Fraktion wechseln, …	kann die Regierung ihre Mehrheit verlieren.	muss der Bundespräsident/die Bundespräsidentin zuvor sein/ihr Einverständnis geben.	dürfen die Wähler/Wählerinnen dieser Abgeordneten noch einmal wählen.	dürfen sie nicht mehr an den Sitzungen des Parlaments teilnehmen	a
186	Was wird in Deutschland als "Ampelkoalition" bezeichnet? Die Zusammenarbeit …	von CSU, Die LINKE und Bündnis 90/Die Grünen in einer Regierung	der Bundestagsfraktionen von CDU und SPD	der Bundestagsfraktionen von CDU und CSU	von SPD, FDP und Bündnis 90/Die Grünen in einer Regierung	d
187	Was ist eine Aufgabe von Wahlhelferinnen/Wahlhelfern in Deutschland?	Sie geben Zwischenergebnisse an die Medien weiter.	Sie helfen alten Menschen bei der Stimmabgabe in der Wahlkabine.	Sie zählen die Stimmen nach dem Ende der Wahl.	Sie schreiben die Wahlbenachrichtigungen vor der Wahl.	c
188	In Deutschland helfen ehrenamtliche Wahlhelfer und Wahlhelferinnen bei den Wahlen. Was ist eine Aufgabe von Wahlhelfern/Wahlhelferinnen?	Sie schreiben Karten und Briefe mit der Angabe des Wahllokals.	Sie geben Zwischenergebnisse an Journalisten weiter.	Sie zählen die Stimmen nach dem Ende der Wahl.	Sie helfen Kindern und alten Menschen beim Wählen.	c
189	Für wie viele Jahre wird der Bundestag in Deutschland gewählt?	2 Jahre	4 Jahre	6 Jahre	8 Jahre	b
190	Bei einer Bundestagswahl in Deutschland darf jeder wählen, die/der …	seit mindestens 3 Jahren in der Bundesrepublik Deutschland lebt.	Bürger/Bürgerin der Bundesrepublik Deutschland ist und mindestens 21 Jahre alt ist.	in der Bundesrepublik Deutschland wohnt und wählen möchte.	Bürger/Bürgerin der Bundesrepublik Deutschland ist und mindestens 18 Jahre alt ist.	d
191	Wie oft gibt es normalerweise Bundestagswahlen in Deutschland?	alle drei Jahre	alle vier Jahre	alle fünf Jahre	alle sechs Jahre	b
192	Für wie viele Jahre wird der Bundestag in Deutschland gewählt?	2 Jahre	3 Jahre	4 Jahre	5 Jahre	c
193	Woraus begründet sich Deutschlands besondere Verantwortung für Israel?	aus dem Grundgesetz der Bundesrepublik Deutschland	aus der Mitgliedschaft in der Europäischen Union (EU)	aus den nationalsozialistischen Verbrechen gegen Juden	aus der christlichen Tradition	c
194	Die Wahlen in Deutschland sind …	berufsbezogen.	speziell.	geschlechtsabhängig.	geheim.	d
195	Wahlen in Deutschland gewinnt die Partei, die …	die meisten Männer mehrheitlich gewählt haben.	die meisten Stimmen bei den Arbeitern/Arbeiterinnen bekommen hat.	die meisten Erststimmen für ihren Kanzlerkandidaten /ihre Kanzlerkandidatin erhalten hat.	die meisten Stimmen bekommt.	d
196	An demokratischen Wahlen in Deutschland teilzunehmen ist …	ein Zwang.	eine Last.	ein Recht.	eine Pflicht.	c
197	Was bedeutet "aktives Wahlrecht" in Deutschland?	Man muss zur Auszählung der Stimmen gehen.	Man kann wählen.	Man kann gewählt werden.	Man muss wählen gehen.	b
198	Wenn Sie bei einer Bundestagswahl in Deutschland wählen dürfen, heißt das …	aktives Wahlrecht.	aktiver Wahlkampf.	aktive Wahlkampagne.	aktives Wahlverfahren.	a
199	Wie viel Prozent der Zweitstimmen müssen Parteien mindestens bekommen, um in den Deutschen Bundestag gewählt zu werden?	3%	4%	5%	6%	c
200	Was ist ein Beispiel für antisemitisches Verhalten?	ein jüdisches Fest besuchen	den Holocaust leugnen	gegen Juden Fußball spielen	die israelische Regierung kritisieren	b
201	Wahlen in Deutschland sind frei. Was bedeutet das?	Jede Person kann ohne Zwang entscheiden, ob sie wählen möchte und wen sie wählen möchte.	Ich kann frei entscheiden, wo ich wählen gehen möchte.	Alle verurteilten Straftäter/Straftäterinnen dürfen nicht wählen.	Wenn ich wählen gehen möchte, muss mein Arbeitgeber/meine Arbeitgeberin mir frei geben	a
202	Das Wahlsystem in Deutschland ist ein …	allgemeines Männerwahlrecht.	Mehrheits- und Verhältniswahlrecht.	Dreiklassenwahlrecht.	Zensuswahlrecht.	b
203	Eine Partei möchte in den Deutschen Bundestag. Sie muss aber einen Mindestanteil an Wählerstimmen haben. Das heißt …	Basiswert.	5 %-Hürde.	Richtlinie.	Zulassungsgrenze.	b
204	Welchem Grundsatz unterliegen Wahlen in Deutschland? Wahlen in Deutschland sind …	geschlossen, gleich, sicher.	frei, gleich, geheim.	sicher, offen, freiwillig.	offen, sicher, frei.	b
205	Was ist in Deutschland die "5 %-Hürde"?	Anwesenheitskontrolle im Bundestag für Abstimmungen	Mindestanteil an Wählerstimmen, um ins Parlament zu kommen	Anwesenheitskontrolle im Bundesrat für Abstimmungen	Abstimmungsregelung im Bundestag für kleine Parteien	b
206	Die Bundestagswahl in Deutschland ist die Wahl …	der Parlamente der Länder.	des Bundespräsidenten/der Bundespräsidentin.	des Bundeskanzlers/der Bundeskanzlerin.	des Parlaments für Deutschland.	d
207	In einer Demokratie ist eine Funktion von regelmäßigen Wahlen, …	im Land bestehende Gesetze beizubehalten.	den Armen mehr Macht zu geben.	die Bürger und Bürgerinnen zu zwingen, ihre Stimme abzugeben.	nach dem Willen der Wählermehrheit den Wechsel der Regierung zu ermöglichen.	d
208	Was bekommen wahlberechtigte Bürgerinnen und Bürger in Deutschland vor einer Wahl?	eine Benachrichtigung von der Bundesversammlung	eine Benachrichtigung vom Pfarramt	eine Wahlbenachrichtigung von der Gemeinde	eine Wahlerlaubnis vom Bundespräsidenten/von der Bundespräsidentin	c
209	Warum gibt es die 5 %-Hürde im Wahlgesetz der Bundesrepublik Deutschland? Es gibt sie, weil …	viele kleine Parteien die Regierungsbildung erschweren.	die kleinen Parteien nicht so viel Geld haben, um die Politiker und Politikerinnen zu bezahlen.	die Programme von vielen kleinen Parteien viele Gemeinsamkeiten haben.	die Bürgerinnen und Bürger bei vielen kleinen Parteien die Orientierung verlieren können.	a
210	Parlamentsmitglieder, die von den Bürgerinnen und Bürgern gewählt werden, nennt man …	Botschafter/Botschafterinnen.	Ministerpräsidenten/Ministerpräsidentinnen.	Abgeordnete.	Kanzler/Kanzlerinnen.	c
211	Vom Volk gewählt wird in Deutschland …	der Bundespräsident/die Bundespräsidentin.	der Bundestag.	der Ministerpräsident/die Ministerpräsidentin eines Bundeslandes.	der Bundeskanzler/die Bundeskanzlerin.	b
212	Welcher Stimmzettel wäre bei einer Bundestagswahl gültig?	1	2	3	4	a
213	Was ist bei Bundestags- und Landtagswahlen in Deutschland erlaubt?	Man kann durch Briefwahl seine Stimme abgeben.	Man kann am Wahltag telefonisch seine Stimme abgeben.	Kinder ab dem Alter von 14 Jahren dürfen wählen.	Der Ehemann wählt für seine Frau mit.	a
214	In Deutschland sind die meisten Erwerbstätigen …	bei einer Firma oder Behörde beschäftigt.	selbständig mit einer eigenen Firma tätig.	in kleinen Familienunternehmen beschäftigt.	ehrenamtlich für ein Bundesland tätig.	a
215	Die Wirtschaftsform in Deutschland nennt man …	Planwirtschaft.	gelenkte Zentralwirtschaft.	freie Zentralwirtschaft.	soziale Marktwirtschaft.	d
216	Was bezahlt man in Deutschland automatisch, wenn man fest angestellt ist?	Kindergeld	Wohngeld	Sozialhilfe	Sozialversicherung	d
217	Wer bezahlt in Deutschland die Sozialversicherungen?	nur Arbeitgeberinnen/Arbeitgeber	alle Staatsangehörigen	Arbeitgeberinnen/Arbeitgeber und Arbeitnehmerinnen/Arbeitnehmer	nur Arbeitnehmerinnen/Arbeitnehmer	c
218	Was gehört nicht zur gesetzlichen Sozialversicherung?	die Pflegeversicherung	die Lebensversicherung	die gesetzliche Rentenversicherung	die Arbeitslosenversicherung	b
219	Gewerkschaften sind Interessenverbände der …	Renterinnen und Rentner.	Arbeitgeberinnen und Arbeitgeber.	Arbeitnehmerinnen und Arbeitnehmer.	Jugendlichen.	c
220	Womit kann man in der Bundesrepublik Deutschland geehrt werden, wenn man auf politischem, wirtschaftlichem, kulturellem, geistigem oder sozialem Gebiet eine besondere Leistung erbracht hat? Mit dem …	Bundesadler	Ehrentitel "Held der Deutschen Demokratischen Republik"	Bundesverdienstkreuz	Vaterländischen Verdienstorden	c
221	Eine Frau in Deutschland verliert ihre Arbeit. Was darf nicht der Grund für diese Entlassung sein?	Die Frau kam oft zu spät zur Arbeit.	Die Frau bekommt ein Kind und ihr Chef weiß das.	Die Frau ist lange krank und arbeitsunfähig.	Die Frau erledigt private Sachen während der Arbeitszeit.	b
222	Viele Menschen in Deutschland arbeiten in ihrer Freizeit ehrenamtlich. Was bedeutet das?	Sie arbeiten in der Bundesregierung.	Sie arbeiten in einem Krankenhaus und verdienen dabei Geld.	Sie arbeiten freiwillig und unbezahlt in Vereinen und Verbänden.	Sie arbeiten als Soldatinnen/Soldaten.	c
223	Wen vertreten die Gewerkschaften in Deutschland?	kleine Unternehmen	Arbeitnehmerinnen und Arbeitnehmer	grosse Unternehmen	Selbstständige	b
224	Sie gehen in Deutschland zum Arbeitsgericht bei …	ungerechtfertigter Kündigung durch Ihren Chef/Ihre Chefin.	Schwierigkeiten nach einem Verkehrsunfall.	falscher Nebenkostenabrechnung.	Problemen mit den Nachbarn/Nachbarinnen.	a
225	Welches Gericht ist in Deutschland bei Konflikten in der Arbeitswelt zuständig?	das Strafgericht	das Arbeitsgericht	das Amtsgericht	das Familiengericht	b
226	Soziale Marktwirtschaft bedeutet, die Wirtschaft …	wird vom Staat geplant und gesteuert, Angebot und Nachfrage werden nicht berücksichtigt.	richtet sich nach der Nachfrage im Ausland.	richtet sich nach Angebot und Nachfrage, aber der Staat sorgt für einen sozialen Ausgleich.	steuert sich allein nach Angebot und Nachfrage.	c
227	Eine Frau ist schwanger. Sie ist kurz vor und nach der Geburt ihres Kindes vom Gesetz besonders beschützt. Wie heißt dieser Schutz?	Geburtsvorbereitung	Elternzeit	Wochenbett	Mutterschutz	d
228	Ein Ehepaar möchte in Deutschland ein Restaurant eröffnen. Was braucht es dazu unbedingt?	eine Genehmigung des Einwohnermeldeamts	eine Genehmigung einer Partei	eine Erlaubnis der Polizei	eine Gaststättenerlaubnis von der zuständigen Behörde	d
229	Welches Ehrenamt müssen deutsche Staatsbürgerinnen und Staatsbürger übernehmen, wenn sie dazu aufgefordert werden?	Bibliotheksaufsicht	Vereinstrainerin/Vereinstrainer	Lehrerin/Lehrer	Wahlhelferin/Wahlhelfer	d
230	Was man für die Arbeit können muss, ändert sich in Zukunft sehr schnell. Was kann man tun?	Kinder lernen in der Schule alles, was im Beruf wichtig ist. Nach der Schule muss man nicht weiter lernen.	Alle müssen früher aufhören zu arbeiten, weil sich alles ändert.	Es ist egal, was man lernt.	Erwachsene müssen auch nach der Ausbildung immer weiter lernen.	d
231	Frau Frost arbeitet als fest angestellte Mitarbeiterin in einem Büro. Was muss sie nicht von ihrem Gehalt bezahlen?	Beiträge zur Arbeitslosenversicherung	Beiträge zur Renten- und Krankenversicherung	Umsatzsteuer	Lohnsteuer	c
232	Welche Organisation in einer Firma hilft den Arbeitnehmern und Arbeitnehmerinnen bei Problemen mit der Arbeitgeberin/dem Arbeitgeber?	der Betriebsprüfer/die Betriebsprüferin	das Betriebsmanagement	der Betriebsrat	die Betriebsgruppe	c
233	Sie möchten bei einer Firma in Deutschland Ihr Arbeitsverhältnis beenden. Was müssen Sie beachten?	die Kündigungsfrist	die Versicherungspflicht	die Gehaltszahlungen	die Arbeitszeit	a
234	Was kann ich in Deutschland machen, wenn mir meine Arbeitgeberin/mein Arbeitgeber zu Unrecht gekündigt hat?	Kündigungsschutzklage erheben	die Arbeitgeberin/den Arbeitgeber bei der Polizei anzeigen	weiterarbeiten und freundlich zur Chefin/zum Chef sein	ein Mahnverfahren gegen den Arbeitgeber/die Arbeitgeberin führen	a
235	Wann kommt es in Deutschland zu einem Prozess vor Gericht? Wenn jemand ...	eine andere Meinung als die der Regierung vertritt	sein Auto falsch geparkt hat und es abgeschleppt wird	zu einer anderen Religion übertritt	eine Straftat begangen hat und angeklagt wird	d
236	Wer berät in Deutschland Personen bei Rechtsfragen und vertritt sie vor Gericht?	eine Schöffin/ein Schöffe	eine Staatsanwältin/ein Staatsanwalt	eine Rechtsanwältin/ein Rechtsanwalt	eine Richterin/ein Richter	c
237	Was ist die Hauptaufgabe einer Richterin/eines Richters in Deutschland? Eine Richterin/ein Richter …	ändert Gesetze	betreut Jugendliche vor Gericht	vertritt Bürger und Bürgerinnen vor einem Gericht	arbeitet an einem Gericht und spricht Urteile	d
238	Was macht ein Schöffe/eine Schöffin in Deutschland? Er/Sie …	verteidigt den Angeklagten/die Angeklagte	stellt Urkunden aus	gibt Bürgern/Bürgerinnen rechtlichen Rat	entscheidet mit Richtern/Richterinnen über Schuld und Strafe	d
239	Ein Richter/eine Richterin in Deutschland gehört zur …	Operative	Exekutive.	Judikative	Legislative	c
240	Ein Richter/eine Richterin gehört in Deutschland zur …	rechtsprechenden Gewalt.	vollziehenden Gewalt.	gesetzgebenden Gewalt.	planenden Gewalt.	a
241	In Deutschland wird die Staatsgewalt geteilt. Für welche Staatsgewalt arbeitet ein Richter/eine Richterin? Für die …	Legislative	Judikative	Exekutive	Presse	b
242	Wie nennt man in Deutschland ein Verfahren vor einem Gericht?	Protokoll	Prozess	Programm	Prozedur	b
243	Was ist die Arbeit eines Richters/einer Richterin in Deutschland?	Recht sprechen	Pläne erstellen	Gesetze erlasse	Deutschland regieren	a
244	Was ist eine Aufgabe der Polizei in Deutschland?	die Bürgerinnen und Bürger abzuhören	das Land zu verteidigen	die Einhaltung von Gesetzen zu überwachen	die Gesetze zu beschließen	c
245	Wie kann jemand, der den Holocaust leugnet, bestraft werden?	gar nicht, Holocaustleugnung ist erlaubt	Kürzung sozialer Leistungen	mit Freiheitsstrafe bis zu fünf Jahren oder mit Geldstrafe	bis zu 100 Sozialstunden	c
246	Ein Gerichtsschöffe/eine Gerichtsschöffin in Deutschland ist …	ein Mitglied eines Gemeinderats.	eine Person, die Jura studiert hat	der Stellvertreter/die Stellvertreterin des Stadtoberhaupts	ein ehrenamtlicher Richter/eine ehrenamtliche Richterin	d
247	Was gilt für die meisten Kinder in Deutschland?	Schulpflicht	Religionspflicht	Schweigepflicht	Wahlpflicht	a
248	Wer darf bei den rund 40 jüdischen Makkabi-Sportvereinen Mitglied werden?	nur Deutsche	nur Israelis	alle Menschen	nur religiöse Menschen	c
249	Frau Seger bekommt ein Kind. Was muss sie tun, um Elterngeld zu erhalten?	Sie muss das Arbeitsamt um Erlaubnis bitten	Sie muss an ihre Krankenkasse schreiben	Sie muss nichts tun, denn sie bekommt automatisch Elterngeld	Sie muss einen Antrag bei der Elterngeldstelle stellen	d
250	Wer entscheidet, ob ein Kind in Deutschland in den Kindergarten geht?	die Bundesländer	die Schulen	der Staat	die Eltern/die Erziehungsberechtigten	d
251	Welchen Schulabschluss braucht man normalerweise, um an einer Universität in Deutschland ein Studium zu beginnen?	das Abitur	die Prokura	eine Gesellenprüfung	ein Diplom	a
252	Wer darf in Deutschland nicht als Paar zusammenleben?	Hans (20 Jahre) und Marie (19 Jahre)	Sofie (35 Jahre) und Lisa (40 Jahre)	Tom (20 Jahre) und Klaus (45 Jahre)	Anne (13 Jahre) und Tim (25 Jahre)	d
253	Ab welchem Alter ist man in Deutschland volljährig?	16	18	19	21	b
254	Die Erziehung der Kinder ist in Deutschland vor allem Aufgabe …	der Eltern	der Schulen	der Großeltern	des Staates	a
255	Wer ist in Deutschland hauptsächlich verantwortlich für die Kindererziehung?	der Staat	die Verwandten	der Eltern	der Schulen	c
256	Wenn man in Deutschland ein Kind schlägt, …	geht das nur die Familie etwas an	geht das niemanden etwas an	kann man dafür bestraft werden	kann man dafür nicht bestraft werden	c
257	In Deutschland …	kann man mehrere Ehepartnerinnen/Ehepartner gleichzeitig haben.	darf man zur gleichen Zeit nur mit einer Partnerin/einem Partner verheiratet sein.	darf eine Frau nicht wieder heiraten, wenn ihr Mann gestorben ist.	darf man nicht wieder heiraten, wenn man einmal verheiratet war.	b
258	In Deutschland dürfen Ehepaare sich scheiden lassen. Meistens müssen sie dazu das "Trennungsjahr" einhalten. Was bedeutet das?	Die Ehegatten sind ein Jahr verheiratet, dann ist die Scheidung möglich.	Der Scheidungsprozess dauert ein Jahr.	Die Ehegatten führen mindestens ein Jahr getrennt ihr eigenes Leben. Danach ist die Scheidung möglich.	Das Besuchsrecht für die Kinder gilt ein Jahr.	c
259	Bei Erziehungsproblemen können Eltern in Deutschland Hilfe erhalten vom …	Ordnungsamt.	Jugendamt.	Schulamt.	Gesundheitsamt.	b
260	Eine erwachsene Frau möchte in Deutschland das Abitur nachholen. Das kann sie an …	einer Privatuniversität	einem Abendgymnasium	einer Hauptschule	einer Hochschule.	b
261	In Deutschland hat man die besten Chancen auf einen gut bezahlten Arbeitsplatz, wenn man …	eine Frau ist.	katholisch ist.	Mitglied einer Partei ist.	gut ausgebildet ist.	d
262	Was darf das Jugendamt in Deutschland?	Es kontrolliert, ob das Kind einen Kindergarten besucht.	Es kann ein Kind, das geschlagen wird oder hungern muss, aus der Familie nehmen.	Es bezahlt das Kindergeld an die Eltern.	Es entscheidet, welche Schule das Kind besucht.	b
263	Das Berufsinformationszentrum BIZ bei der Bundesagentur für Arbeit in Deutschland hilft bei der …	Lehrstellensuche	Steuererklärung	Rentenberechnung	Krankenversicherung	a
264	In Deutschland hat ein Kind in der Schule…	Wahlfreiheit für alle Fächer.	Recht auf unbegrenzte Freizeit.	Anwesenheitspflicht.	Anspruch auf Schulgeld.	c
265	Ein Mann möchte mit 30 Jahren in Deutschland sein Abitur nachholen. Wo kann er das tun? An …	einer Hauptschule	einem Abendgymnasium	einer Hochschule	einer Privatuniversität	b
266	In Deutschland sind Jugendliche ab 14 Jahren strafmündig. Das bedeutet: Jugendliche, die 14 Jahre und älter sind und gegen Strafgesetze verstoßen, …	werden bestraft.	teilen die Strafe mit ihren Eltern.	werden wie Erwachsene behandelt.	werden nicht bestraft.	a
267	Eine junge Frau in Deutschland, 22 Jahre alt, lebt mit ihrem Freund zusammen. Die Eltern der Frau finden das nicht gut, weil ihnen der Freund nicht gefällt. Was können die Eltern tun?	Sie können zur Polizei gehen und die Tochter anzeigen.	Sie haben das Recht, die Tochter in die elterliche Wohnung zurückzuholen.	Sie suchen einen anderen Mann für die Tochter.	Sie müssen die Entscheidung der volljährigen Tochter respektieren.	d
268	Eine junge Frau will den Führerschein machen. Sie hat Angst vor der Prüfung, weil ihre Muttersprache nicht Deutsch ist. Was ist richtig?	Wenn sie kein Deutsch kann, darf sie keinen Führerschein haben.	Sie muss den Führerschein in dem Land machen, in dem man ihre Sprache spricht.	Sie kann die Theorie-Prüfung vielleicht in ihrer Muttersprache machen. Es gibt mehr als zehn Sprachen zur Auswahl.	Sie muss mindestens zehn Jahre in Deutschland leben, bevor sie den Führerschein machen kann.	c
269	In Deutschland haben Kinder ab dem Alter von drei Jahren bis zur Ersteinschulung einen Anspruch auf …	einen Platz in einem Sportverein.	einen Kindergartenplatz.	monatliches Taschengeld.	einen Ferienpass.	b
270	Die Volkshochschule in Deutschland ist eine Einrichtung …	zur Weiterbildung.	für den Religionsunterricht.	nur für Jugendliche.	nur für Rentner und Rentnerinnen.	a
271	Bei Erziehungsproblemen gehen Sie in Deutschland …	zum Arzt/zur Ärztin	zum Jugendamt	zum Gesundheitsamt	zum Einwohnermeldeamt	b
272	Was braucht man in Deutschland für eine Ehescheidung?	die Einwilligung der Eltern	die Unterstützung eines Anwalts/einer Anwältin	ein Attest eines Arztes/einer Ärztin	die Einwilligung der Kinder	b
273	Die Bundesrepublik Deutschland ist ein Gründungsmitglied …	der Europäischen Union (EU)	des Nordatlantikpakts (NATO)	des Warschauer Pakts	der Vereinten Nationen (VN)	a
274	Deutschland ist Mitglied des Schengener Abkommens. Was bedeutet das?	Alle Menschen können ohne Personenkontrolle in Deutschland einreisen	Deutsche können in viele Länder Europas ohne Passkontrolle reisen	Deutsche können in jedem Land mit dem Euro bezahlen	Deutsche können ohne Passkontrolle in jedes Land reisen	b
275	Welches Land ist ein Nachbarland von Deutschland?	Spanien	Portugal	Ungarn	Schweiz	d
276	Welches Land ist ein Nachbarland von Deutschland?	Griechenland	Bulgarien	Rumänien	Polen	d
277	Welche Lebensform ist in Deutschland nicht erlaubt?	Ein alleinerziehender Vater lebt mit seinen zwei Kindern zusammen.	Mann und Frau sind geschieden und leben mit neuen Partnern zusammen	Ein Mann ist mit zwei Frauen zur selben Zeit verheiratet	Zwei Frauen leben zusammen	c
278	In welchem anderen Land gibt es eine große deutschsprachige Bevölkerung?	Österreich	Spanien	Tschechien	Norwegen	a
279	Welche ist die Flagge der Europäischen Union?	Bild 1	Bild 2	Bild 3	Bild 4	b
280	Welches Land ist ein Nachbarland von Deutschland?	Schweden	Norwegen	Finnland	Dänemark	d
281	Welches Land ist ein Nachbarland von Deutschland?	Norwegen	Luxemburg	Spanien	Bulgarien	b
282	Das Europäische Parlament wird regelmäßig gewählt, nämlich alle …	5 Jahre	6 Jahre	7 Jahre	8 Jahre	a
283	Was bedeutet der Begriff "europäische Integration"?	Der Begriff meint den Zusammenschluss europäischer Staaten zur EU	Damit sind amerikanische Einwanderer in Europa gemeint	Damit sind europäische Auswanderer in den USA gemeint	Der Begriff meint den Einwanderungsstopp nach Europa	a
284	Wer wird bei der Europawahl gewählt?	die europäische Verfassung	die Abgeordneten des Europäischen Parlaments	die Europäische Kommission	die Länder, die in die EU eintreten dürfen	b
285	Welches Land ist ein Nachbarland von Deutschland?	Griechenland	Bulgarien	Portugal	Tschechien	d
286	Wo ist der Sitz des Europäischen Parlaments?	Berlin	Straßburg	Paris	London	b
287	Der damalige französische Staatspräsident Francois Mitterrand und der damalige deutsche Bundeskanzler Helmut Kohl gedenken in Verdun gemeinsam der Toten beider Weltkriege. Welches Ziel der Europäischen Union wird bei diesem Treffen deutlich?	Frieden und Sicherheit in den Ländern der EU	einheitliche Feiertage in den Ländern der EU	Reisefreiheit in alle Länder der EU	Freundschaft zwischen England und Deutschland	a
288	Wie viele Mitgliedstaaten hat die EU heute?	21	23	25	27	d
289	2007 wurde das 50-jährige Jubiläum der "Römischen Verträge" gefeiert. Was war der Inhalt der Verträge?	Gründung der Europäischen Wirtschaftsgemeinschaft (EWG)	Festlegung der Oder-Neiße-Linie als Ostgrenze	Beitritt Deutschlands zur NATO	Verpflichtung Deutschlands zu Reparationsleistungen	a
290	An welchen Orten arbeitet das Europäische Parlament?	Straßburg, Luxemburg und Brüssel	Rom, Bern und Wien	Paris, London und Den Haag	Bonn, Zürich und Mailand	a
291	Durch welche Verträge schloss sich die Bundesrepublik Deutschland mit anderen Staaten zur Europäischen Wirtschaftsgemeinschaft zusammen?	durch die "Pariser Verträge"	durch die "Hamburger Verträge"	durch die "Römischen Verträge"	durch die "Londoner Verträge"	c
292	Seit wann bezahlt man in Deutschland mit dem Euro in bar?	1995	1998	2002	2005	c
293	Aus welchem Land sind die meisten Migranten und Migrantinnen nach Deutschland gekommen?	Italien	Türkei	Polen	Marokko	b
294	In der DDR lebten vor allem Migrantinnen/Migranten aus …	Chile, Ungarn, Simbabwe.	Nordkorea, Mexiko, Ägypten.	Frankreich, Rumänien, Somalia.	Vietnam, Polen, Mosambik	d
295	Ausländische Arbeitnehmer und Arbeitnehmerinnen, die in den 50er und 60er Jahren von der Bundesrepublik Deutschland angeworben wurden, nannte man …	Gastarbeiter/Gastarbeiterinnen	Zeitarbeiter/Zeitarbeiterinnen	Schwarzarbeiter/Schwarzarbeiterinnen	Schichtarbeiter/Schichtarbeiterinnen	a
296	Aus welchem Land kamen die ersten Gastarbeiter und Gastarbeiterinnen nach Deutschland?	Italien	Portugal	Türkei	Spanien	a
297	Was bedeutet die Abkürzung EU?	Einheitliche Union	Europäische Union	Europäische Unternehmen	Euro Union	b
298	Warum muss man in Deutschland bei der Steuererklärung aufschreiben, ob man zu einer Kirche gehört oder nicht? Weil …	die Kirche für die Steuererklärung verantwortlich ist.	das für die Statistik in Deutschland wichtig ist.	man mehr Steuern zahlen muss, wenn man nicht zu einer Kirche gehört.	es eine Kirchensteuer gibt, die an die Einkommen- und Lohnsteuer geknüpft ist.	d
299	Die Menschen in Deutschland leben nach dem Grundsatz der religiösen Toleranz. Was bedeutet das?	Jeder kann glauben, was er möchte.	Alle Menschen glauben an Gott.	Es dürfen keine Moscheen gebaut werden.	Der Staat entscheidet, an welchen Gott die Menschen glauben.	a
300	Welche Religion hat die europäische und deutsche Kultur geprägt?	das Christentum	der Hinduismus	der Buddhismus	der Islam	a
NW-1	Welches Wappen gehört zum Bundesland Nordrhein-Westfalen?	1	2	3	4	b
NW-2	Welches ist ein Landkreis in Nordrhein-Westfalen?	Ammerland	Nordfriesland	Rhein-Sieg-Kreis	Vogtlandkreis	c
NW-3	Für wie viele Jahre wird der Landtag in Nordrhein-Westfalen gewählt?	3	4	5	6	c
NW-4	Ab welchem Alter darf man in Nordrhein-Westfalen bei Kommunalwahlen wählen?	14	18	16	20	c
NW-5	Welche Farben hat die Landesflagge von Nordrhein-Westfalen?	schwarz-gold	rot-weiß	grün-weiß-rot	blau-weiß-rot	c
NW-6	Wo können Sie sich in Nordrhein-Westfalen über politische Themen informieren?	bei den Kirchen	bei der Verbraucherzentrale	bei der Landeszentrale für politische Bildung	beim Ordnungsamt der Gemeinde	c
NW-7	Die Landeshauptstadt von Nordrhein-Westfalen heißt …	Dortmund	Bonn	Köln	Düsseldorf	d
NW-8	Welches Bundesland ist Nordrhein-Westfalen?	1	2	3	4	c
NW-9	Wie nennt man den Regierungschef / die Regierungschefin in Nordrhein-Westfalen?	Ministerpräsident / Ministerpräsidentin	Bürgermeister / Bürgermeisterin	Erster Minister / Erste Ministerin	Premierminister / Premierministerin	a
NW-10	Welchen Minister / welche Ministerin hat Nordrhein-Westfalen nicht?	Finanzminister / Finanzministerin	Innenminister / Innenministerin	Außenminister / Außenministerin	Justizminister / Justizministerin	c